{
    "loss": 0.6003312468528748,
    "accuracy": 0.982758641242981
}