{
    "loss": 0.849163293838501,
    "accuracy": 0.9482758641242981
}